Time (s),Gyroscope x (rad/s),Gyroscope y (rad/s),Gyroscope z (rad/s),Absolute (rad/s)
0.03577475,-0.320284396,-0.105561651,0.386543691,0.512973081
0.04576375,-0.378308207,-0.181687057,0.385412306,0.56979815
0.05575275,-0.456311911,-0.267971903,0.38804245,0.656206099
0.06574175,-0.544043243,-0.28013736,0.441622972,0.754646169
0.07573075,-0.591032326,-0.229957283,0.52346319,0.822321879
0.08571975,-0.564216018,-0.128762469,0.586562097,0.823999139
0.09570875,-0.4920201,-0.024046715,0.685376585,0.844039742
0.10569775,-0.409508944,0.081506461,0.814282238,0.915093679
0.11568675,-0.325042278,0.065484084,0.935963154,0.992959049
0.12567575,-0.263260245,0.005374047,1.050880671,1.083367445
0.13566475,-0.220277593,-0.030617243,1.157462597,1.178634505
0.14565375,-0.170434296,-0.052639294,1.210554004,1.223625654
0.15564275,-0.103103198,-0.090006106,1.19873035,1.206518056
0.16563175,-0.031596497,-0.105283268,1.172509909,1.177651218
0.17562075,-0.000485715,-0.060945101,1.173099875,1.174682025
0.18560975,0.013099874,0.076363966,1.219448209,1.221907114
0.19559875,0.028488949,0.267018348,1.327912807,1.354792546
0.20558775,0.040295359,0.447645247,1.485860586,1.552350368
0.21557675,0.069545127,0.548144698,1.630895019,1.721951711
0.22556575,0.088854849,0.518548846,1.749522924,1.826915037
0.23555475,0.066939428,0.247383982,1.846908092,1.864604308
0.24554375,0.031847902,0.062882476,1.884654522,1.885972206
0.25553275,-0.061820533,-0.018908264,1.795670629,1.796833968
0.26552175,-0.214913741,0.094719164,1.614656329,1.631647847
0.27551075,-0.362872571,0.297615826,1.46587348,1.539167548
0.28549975,-0.520643234,0.437657118,1.442602396,1.594902757
0.29548875,-0.711090922,0.418180883,1.52678597,1.735396482
0.30547775,-0.850301504,0.507208288,1.652702093,1.926576524
0.31546675,-0.931404114,0.654061139,1.790042639,2.121217161
0.32545575,-0.913331747,0.822888732,1.894173026,2.258143529
0.33544475,-0.782293022,1.051346183,1.980554819,2.374849166
0.34543375,-0.587778509,1.22393322,2.062056541,2.468921482
0.35542375,-0.382620811,1.325992465,2.172936678,2.57416171
0.36541275,-0.215838566,1.347883821,2.324346066,2.69554479
0.37540175,-0.132391602,1.310681105,2.505874872,2.831045985
0.38539075,-0.109584071,1.148395419,2.629295111,2.871239016
0.39537975,-0.097700514,1.041056991,2.580821753,2.78459799
0.40536875,-0.082991861,1.160360694,2.449122667,2.711369844
0.41535775,-0.038584445,1.473551393,2.356964827,2.779950658
0.42534675,0.017769514,1.708539367,2.254709959,2.828982065
0.43533575,0.055954449,1.806764483,2.078428507,2.754522437
0.44532475,0.188473865,1.938653946,1.896408081,2.718504208
0.45531375,0.39899382,2.197710752,1.699858546,2.80689289
0.46530275,0.578932822,2.404906273,1.426401973,2.855408899
0.47529175,0.760042429,2.357254505,1.093345881,2.707345288
0.48528075,0.96514529,2.396438122,1.005775213,2.772364493
0.49526975,1.070405841,2.288632393,0.67593056,2.615432854
0.50525875,1.053452253,2.031956911,0.356648624,2.316421546
0.51524775,1.033769369,1.782819748,0.326110959,2.086497956
0.52523675,1.052098036,1.292337894,0.132607311,1.671715349
0.53522575,1.105414748,0.634459615,-0.062197056,1.276067883
0.54521475,1.178739786,0.17113781,-0.135873988,1.198823329
0.55520375,1.348081231,0.107166022,-0.116659544,1.357356626
0.56519275,1.673657775,-0.486878574,1.213297009,2.123739797
0.57518175,1.741712928,-0.389027387,2.147467613,2.792225525
0.58517075,1.690686703,0.349269003,2.438595295,2.987834898
0.595160125,1.082308888,-0.766120136,2.710866213,3.017801885
0.605149125,-0.207009301,-1.990341783,3.659136057,4.170562306
0.615138125,-1.628203869,-3.316640854,4.749824047,6.01763931
0.625127125,-2.786057234,-5.133351803,5.963052273,8.346940041
0.635116125,-3.367049456,-7.213723183,7.046720028,10.63160794
0.645105125,-3.482889652,-8.982206345,7.65321064,12.30374676
0.655094125,-2.989652395,-8.958140373,7.578761578,12.10883675
0.665083125,-2.451827049,-8.930811882,6.824481487,11.5041038
0.675072125,-1.963817835,-8.951138496,5.955708504,10.92931492
0.685061125,-1.378439546,-8.662103653,5.275457382,10.23535959
0.695050125,-1.191248059,-8.31306076,5.056955814,9.803002257
0.705039125,-1.709888458,-8.203347206,5.522341251,10.03568019
0.715028125,-2.470976353,-7.71875906,6.347868443,10.2946782
0.725017125,-3.129582644,-6.852559566,6.70410347,10.08448628
0.735006125,-3.433695316,-5.361176491,6.110352516,8.824334806
0.744995125,-3.379304647,-3.054917812,4.931699276,6.713708401
0.754984125,-3.024615526,-0.735934496,3.600160599,4.75931245
0.764973125,-2.361953735,1.516118407,2.2410326,3.591610723
0.774962125,-1.526669025,3.933008194,0.691208661,4.275165632
0.784951125,-0.714102745,6.305350304,-1.085174799,6.437778307
0.794940125,0.047785304,8.661456108,-2.946994066,9.149201024
0.804929125,0.910310984,10.77940083,-4.59566164,11.75347839
0.814918125,2.079322338,12.83350658,-5.865130901,14.26261663
0.824907125,3.535752296,14.79519939,-6.884142876,16.69703245
0.834896125,5.055251122,16.72737122,-7.70777607,19.09896132
0.844885125,6.370441437,18.26669121,-8.43937397,21.10633945
0.854874125,7.157237053,19.42640114,-9.121358871,22.6232246
0.864863125,7.313663006,20.30887794,-9.72110939,23.67361733
0.874852125,6.87051487,20.69477272,-10.26001167,24.09866038
0.884841125,5.865311146,20.5417347,-10.71259212,23.89820849
0.894830125,4.45943737,19.56269836,-10.94747829,22.85679396
0.904819125,3.305463552,16.32857513,-11.03353596,19.98217633
0.914808125,2.367781162,11.44603252,-10.65777683,15.81790932
0.924797125,1.207860708,6.316876888,-9.447151184,11.42849625
0.934786125,0.233422026,2.011988401,-7.665178776,7.928275275
0.944775125,-0.235386476,-0.863385141,-5.701993465,5.771790898
0.954764125,-0.16111277,-1.812557578,-3.906709433,4.309721672
0.964753125,0.359100193,-0.809023261,-2.589469671,2.736571717
0.974742125,1.0677737,1.324844718,-1.959882021,2.595475243
0.984731125,1.563516378,3.329736948,-2.058841467,4.215514179
0.994720125,1.665631294,4.396501541,-2.616276264,5.380376836
1.004709125,1.50385344,4.468283176,-3.327353954,5.770477801
1.014698125,1.104340076,4.19310236,-4.035992622,5.92375817
1.024687125,0.489554524,3.932171345,-4.589823723,6.063671901
1.034676125,-0.144792318,4.072853088,-5.014286041,6.461591259
1.044665125,-0.469811618,4.614164829,-5.14055109,6.923619396
1.054654125,-0.418316722,5.373454571,-4.904724121,7.287339817
1.064643125,-0.117945597,5.856294632,-4.40728426,7.330365102
1.074632125,0.208991244,5.93152523,-3.84134388,7.069836752
1.084621125,0.245455384,5.445069313,-3.223721027,6.332567049
1.094610125,-0.071768112,4.386953354,-2.662600756,5.132246406
1.104599125,-0.495911956,2.713991165,-2.072774649,3.450807363
1.114589125,-0.785521448,0.442902297,-1.301508427,1.58339211
1.124578125,-0.849686325,-1.779348254,-0.317944616,1.997282113
1.134567125,-0.629597604,-3.37451005,0.806330919,3.526170837
1.144556125,-0.371526897,-4.45595789,1.885977626,4.852886209
1.154545125,-0.323651761,-5.237571239,2.836187124,5.964969435
1.164534125,-0.463225245,-5.936034679,3.714232445,7.017592749
1.174523125,-0.687956333,-6.757126331,4.542800426,8.171234661
1.184512125,-0.759538472,-7.924631119,5.36007452,9.597243142
1.194501125,-0.560065031,-9.395870209,6.269722462,11.30953003
1.204490125,-0.090348698,-11.09168339,6.988440037,13.10999227
1.214479125,0.506563425,-12.64806747,7.426673412,14.67602451
1.224468125,1.019022465,-14.03072453,7.646287441,16.01141309
1.234457125,1.388210058,-15.5283947,7.8302598,17.44623563
1.244446125,1.74583292,-17.17059708,8.27041626,19.13836779
1.254435125,2.082794905,-18.81865692,8.882521629,20.91360977
1.264424125,2.203705788,-20.01215172,9.463011742,22.24614858
1.274413125,2.000939846,-20.5657692,9.999835968,22.95542076
1.284402125,1.471148014,-20.63137436,10.4720993,23.18367418
1.294391125,0.760275483,-20.22523117,10.68455029,22.88662512
1.304380125,-0.152451888,-19.38993645,10.82107353,22.20559635
1.314369125,-1.322379351,-17.52827072,10.69956112,20.57837627
1.324358125,-2.305595875,-15.48402023,10.53778172,18.87102272
1.334347125,-3.061826944,-13.29693604,10.33163834,17.11508232
1.344336125,-3.45915246,-11.14972019,9.878620148,15.29278039
1.354325125,-3.408724308,-9.043702126,9.114447594,13.28461909
1.364314125,-3.020606279,-7.197765827,8.170905113,11.30024715
1.374303125,-2.254365206,-6.044669628,7.167748928,9.643485785
1.384292125,-1.143050909,-5.468202591,6.510370255,8.578620274
1.394281125,0.00742584,-5.016674519,6.347716808,8.090771721
1.404270125,1.130665421,-4.822998524,6.418614388,8.107917717
1.414259125,2.225388288,-4.591071129,6.40956831,8.192243469
1.424248125,3.157487392,-4.066247463,6.068498135,7.958062872
1.434237125,3.863400221,-3.500516653,5.428338051,7.526375761
1.444226125,4.434500217,-2.960592031,4.741858006,7.135482794
1.454215125,4.886586189,-2.639771223,4.017503262,6.854739175
1.464204125,5.166821957,-2.531849623,3.212387323,6.589821239
1.474193125,5.248882771,-2.617280722,2.219655514,6.271188031
1.484182125,5.000880718,-2.482360363,0.872490168,5.650854805
1.494171125,4.506085396,-2.133423805,-0.97056216,5.079202067
1.504160125,3.998505116,-1.149728179,-3.295403719,5.307504472
1.514149125,3.601875067,-0.003025334,-5.875294209,6.891487153
1.524138125,3.383921623,1.141657114,-8.239785194,8.980443562
1.534127125,3.646087885,2.321886539,-10.47064114,11.32781708
1.544116125,4.244231224,3.314490318,-12.39494324,13.51421336
1.554105125,5.150951385,4.294300556,-14.19264793,15.69727915
1.564094125,5.996361732,5.122997761,-15.66449738,17.53790005
1.574084125,6.634641171,5.689534664,-16.70703697,18.85508824
1.584073125,6.939053535,6.027337551,-17.46068764,19.7320773
1.5940615,6.807091236,5.935236931,-18.14739037,20.27045401
1.6040505,6.228901386,5.545521259,-18.88895798,20.6481174
1.6140395,5.417897224,5.990758419,-19.56430244,21.16612215
1.6240285,4.922214031,7.063356876,-20.11116982,21.87643373
1.6340175,4.866402626,7.16110754,-20.45072174,22.20800206
1.6440065,4.710294247,6.582208157,-20.63125038,22.16214855
1.6539955,4.148606777,5.86335659,-20.52228737,21.74291074
1.6639845,3.261594296,4.815138817,-20.41134262,21.22372415
1.6739735,1.967012763,4.000173569,-20.25273514,20.73749764
1.6839625,0.598054349,3.799156904,-19.9899292,20.35653535
1.6939515,-0.656461477,3.528477907,-19.53585243,19.86279508
1.7039405,-2.01430583,3.248511791,-18.79181099,19.1766112
1.7139295,-3.347006798,4.057713509,-17.36001396,18.13939299
1.7239185,-4.087505817,5.33146143,-14.98396111,16.42106194
1.7339075,-4.293999195,5.087666035,-11.81346893,13.56026633
1.7438965,-4.239596844,4.065758705,-8.35180378,10.21064159
1.7538855,-3.947331667,2.57912302,-4.995774746,6.869575544
1.7638745,-3.436623812,1.029524088,-2.391039133,4.311307366
1.7738635,-2.82523036,-0.218146876,-0.473363847,2.872905842
1.7838525,-2.368314505,-0.977340221,0.893634796,2.713427841
1.7938415,-2.137892246,-1.364828229,1.629973292,3.014987941
1.8038305,-2.124148607,-1.638183594,1.899457216,3.286881578
1.8138195,-2.209680796,-1.907611847,1.739494443,3.398163194
1.8238085,-2.293878555,-1.933244705,1.176864743,3.222471806
1.8337975,-2.336453915,-1.541704416,0.469809383,2.838413335
1.8437865,-2.292528868,-0.970716417,-0.172992393,2.495577156
1.8537755,-2.179769278,-0.622732639,-0.540316343,2.330478877
1.8637645,-1.901013374,-1.132095933,-0.420434564,2.252167461
1.8737535,-1.322155356,-2.683927536,0.422735274,3.021633154
1.8837425,-0.72228694,-4.65281868,1.834405303,5.0532626
1.8937315,-0.37700969,-6.640695572,3.656794071,7.590330485
1.9037205,-0.185055748,-8.113821983,5.408127308,9.752753139
1.9137095,-0.223687559,-8.531280518,6.298928261,10.6070392
1.9236985,-0.605213821,-8.473134995,6.331080437,10.59447403
1.9336875,-1.028230071,-8.481470108,5.772452354,10.31085828
1.9436775,-1.316349268,-8.812617302,5.001275063,10.21801113
1.9536665,-1.284160733,-9.530959129,4.293128014,10.5318184
1.9636555,-0.955799341,-10.61128616,3.981950998,11.37404414
1.9736445,-0.440554082,-12.20061779,4.128820896,12.88783629
1.9836335,-0.065916501,-13.63874435,4.708598137,14.42881107
1.9936225,-0.009120593,-14.69693947,5.483803272,15.68668898
2.0036115,-0.207714647,-15.51786041,6.121062279,16.68276178
2.0136005,-0.466754198,-16.17872238,6.640100956,17.49456653
2.0235895,-0.88625443,-16.57202721,6.634709358,17.87279779
2.0335785,-1.491924882,-16.13527489,6.271623135,17.37544797
2.0435675,-2.244223356,-15.25329876,5.909484863,16.51125897
2.0535565,-3.080758572,-14.28247356,5.49237442,15.60917363
2.0635455,-4.036800861,-13.01235962,4.898066044,14.47785602
2.0735345,-4.849110603,-11.37810707,4.486134052,13.15676985
2.0835235,-5.221233368,-9.877538681,4.179388523,11.92871899
2.0935125,-5.221397877,-8.554757118,3.609814644,10.6525878
2.1035015,-4.692387581,-7.81321764,2.990252495,9.59200089
2.1134905,-3.74710989,-7.497159958,2.683251143,8.800458889
2.1234795,-2.474016905,-7.708669186,2.548552513,8.487606269
2.1334685,-1.221888185,-8.242415428,2.822446823,8.797535388
2.1434575,-0.314197361,-8.422359467,3.527433157,9.136610074
2.1534465,0.144540623,-8.152626991,3.885935783,9.032536508
2.1634355,0.256631672,-7.579645634,3.699271441,8.438097946
2.1734245,0.18833971,-6.448935509,2.962039232,7.099149066
2.1834135,-0.016422223,-5.283977985,1.724090457,5.558163451
2.1934025,-0.526215434,-4.135422707,0.153281108,4.17158468
2.2033915,-0.851945341,-2.678669453,-1.546378255,3.208171848
2.2133805,-0.687418163,-1.022468686,-2.758423567,3.021073736
2.2233695,-0.023873679,0.726340353,-3.337186813,3.415399843
2.2333585,1.101491928,2.584997416,-3.70793891,4.652344255
2.2433475,2.412357807,4.328868866,-4.07433939,6.4155138
2.2533365,3.633997679,5.834329128,-4.400877476,8.161682306
2.2633265,4.675880909,7.321232319,-4.753125191,9.902348409
2.2733155,5.367334366,9.125562668,-5.034957886,11.72326632
2.2833045,5.572209835,10.97186279,-4.982950211,13.27633565
2.2932935,5.630165577,12.33680058,-5.118546009,14.49465164
2.3032825,5.584412098,13.36577702,-5.206988811,15.392933
2.3132715,5.334218979,13.92903805,-5.105971813,15.76524472
2.3232605,4.584827423,13.76664066,-4.950657368,15.33134195
2.3332495,3.503463268,13.50038147,-4.885694504,14.77851703
2.3432385,2.270002842,13.69029713,-5.004255295,14.75193951
2.3532275,1.305526376,14.16718388,-5.425654411,15.22666161
2.3632165,0.715632319,14.67356491,-5.856134415,15.81518091
2.3732055,0.624909103,14.82715034,-6.050933361,16.02649972
2.3831945,1.113510251,14.45955086,-5.851081848,15.63821201
2.3931835,1.669909835,13.70829487,-5.166042805,14.74428517
2.4031725,1.920231819,13.02142239,-4.446676254,13.8930796
2.4131615,1.830816507,12.83504486,-4.144343853,13.6112399
2.4231505,1.649094105,12.86615753,-4.144598484,13.61746003
2.4331395,1.547939062,12.89613533,-4.087012768,13.61653756
2.4431285,1.507908702,12.62325191,-3.757707596,13.25672071
2.4531175,1.548946381,11.81821442,-3.274859667,12.36099238
2.4631065,1.655801296,10.45715046,-2.768356323,10.94337564
2.4730955,1.791054726,8.543077469,-2.218884945,9.006414385
2.4830845,1.821824431,6.30847311,-1.710060239,6.785291686
2.4930735,1.611680746,4.370998859,-0.994487464,4.763627942
2.5030625,1.354902864,2.52568078,0.114402942,2.868433929
2.5130515,0.97111392,0.555762231,1.411924124,1.801517037
2.5230405,0.180249006,-0.906841695,2.371188641,2.545071145
2.5330295,-0.861106098,-1.506570697,2.559353828,3.09217577
2.5430185,-1.905826807,-1.367727399,2.01376462,3.091618023
2.5530085,-2.67577529,-0.678927481,1.0866189,2.966724888
2.5629975,-2.943066835,0.045509893,0.134543106,2.946492049
2.5729865,-2.490474939,0.024533769,-0.661038697,2.576827407
2.5829755,-1.416974425,-1.056041956,-1.01651001,2.03870884
2.592965,-0.155958816,-3.525349855,-0.648876548,3.5879598
2.602954,0.621869564,-6.689991474,0.436164081,6.732974587
2.612943,1.017531753,-9.807057381,2.421835899,10.15278457
2.622932,1.110918164,-12.01686859,4.659016609,12.93621682
2.632921,0.987237513,-12.97242165,6.306118965,14.45771412
2.64291,0.652036428,-13.00090504,7.166044712,14.85937011
2.652899,0.088622838,-12.86858463,7.260675907,14.77584986
2.662888,-0.70361644,-12.79804325,6.99341011,14.60112229
2.672877,-1.551257014,-12.45774078,6.690741062,14.22560086
2.682866,-2.304389477,-12.44373798,6.402246952,14.18258058
2.692855,-2.878159046,-13.06072235,6.336853027,14.799391
2.702844,-2.998797894,-13.87751961,6.459979534,15.59838693
2.712833,-2.510780334,-14.82695866,6.528254032,16.39392636
2.722822,-1.70010972,-15.82369137,6.586942673,17.2240354
2.732811,-0.929896593,-16.19467735,6.801174641,17.589436
2.7428,-0.380122274,-16.03408813,7.137433529,17.55504009
2.752789,-0.155146152,-15.75398254,7.549139023,17.47001821
2.762778,-0.076980606,-14.98802376,7.898532867,16.9420661
2.772767,-0.02351472,-13.40392208,7.84185648,15.52933975
2.782756,-0.164959818,-11.22339153,7.242140293,13.35815576
2.792745,-0.440808684,-8.470927238,6.145195961,10.47446199
2.802734,-0.748368144,-5.355629444,4.604283333,7.102270526
2.812724,-1.049326062,-2.475508451,2.923181772,3.971677096
2.822713,-1.203266621,-0.217107177,1.434157968,1.884620695
2.832702,-1.159355879,1.085628152,0.16560562,1.59690944
2.842691,-0.929893315,1.767865896,-0.900902092,2.191272686
2.85268,-0.649618804,2.375716925,-1.719483137,3.003773919
2.862669,-0.456462145,3.145023584,-2.471084118,4.025641285
2.872658,-0.382606566,4.230510235,-3.297692299,5.37758116
2.882647,-0.37814483,5.640628815,-4.219756603,7.054504428
2.892636,-0.385570258,7.54888773,-5.12601757,9.132930883
2.902625,-0.26325959,9.857194901,-5.931191444,11.50706865
2.912614,0.137259305,12.24458027,-6.539478779,13.88212407
2.922603,0.739051938,14.33025932,-6.903228283,15.92347609
2.932592,1.326610446,16.05712318,-7.041178703,17.58321068
2.942581,1.761342883,17.52097321,-7.074416637,18.97720215
2.95257,1.909698606,18.58227921,-7.115681171,19.98952145
2.962559,1.756937265,19.27220345,-7.184343338,20.64266076
2.972548,1.510808349,19.52415276,-7.401941299,20.93475144
2.982537,1.352566123,19.19420433,-7.759907246,20.74760409
2.992526,1.350817442,18.40784836,-8.106661797,20.1591556
3.002515,1.504999042,17.58953857,-8.341785431,19.52542633
3.012504,1.914274931,16.93186378,-8.478462219,19.03251905
3.022493,2.604557753,16.27598,-8.562048912,18.57417367
3.032482,3.49575305,15.24835968,-8.426074028,17.76883468
3.042471,4.416986465,13.62591839,-7.99025774,16.4018182
3.05246,5.205118179,11.14372826,-7.170164585,14.23682531
3.06245,5.53502512,7.864294052,-5.961056232,11.31449581
3.072439,5.352243423,4.70543623,-4.550141811,8.455260509
3.082428,5.065781593,2.341447353,-3.281956434,6.474237939
3.092417,4.826331615,0.235642686,-2.254002571,5.331935102
3.102406,4.530929089,-1.658524752,-1.320646286,5.002412355
3.112395,3.962697744,-2.615785837,-0.324620873,4.75927386
3.122384,3.03985405,-2.994604826,0.662390709,4.318232527
3.132373,2.091067076,-3.526622772,1.69625783,4.436994514
3.142362,1.015805125,-4.5554533,2.789625883,5.437465162
3.152351,-0.04213915,-5.652592182,3.937598228,6.88899513
3.16234,-0.778417826,-6.588433266,4.9981637,8.306324553
3.172329,-1.064423442,-7.456646442,5.756659508,9.480174161
3.182318,-0.959315479,-8.154127121,6.166184425,10.26800398
3.192307,-0.62220031,-8.706658363,6.374406815,10.80861209
3.202296,-0.127973258,-9.279759407,6.610920429,11.39449783
3.212285,0.280301839,-9.774939537,6.963428497,12.00488853
3.222274,0.625500858,-10.45039845,7.491789341,12.87357707
3.232263,0.913905978,-11.54153538,8.203871727,14.18963616
3.242252,1.155119419,-12.91956615,8.945861816,15.75683769
3.252241,1.414947867,-14.52133179,9.571648598,17.44957338
3.26223,1.730017304,-16.13928986,9.950295448,19.03885544
3.272219,2.023581743,-17.08396149,9.859629631,19.82848758
3.282209,2.200178862,-17.18935585,9.214920998,19.62726447
3.292198,2.007472038,-16.64370537,8.20644474,18.66517098
3.302187,1.688285828,-16.06358147,7.264632702,17.7105575
3.312176,1.367425561,-15.55400562,6.495792866,16.91130594
3.322165,1.016950488,-14.75203419,5.915683746,15.92645645
3.332154,0.731921911,-13.28312492,5.416739941,14.36378046
3.342143,0.550799489,-11.1678915,4.861216545,12.19248158
3.352132,0.377647668,-8.403164864,3.929977894,9.284423716
3.362121,0.184777021,-4.544240475,2.409876108,5.147015339
3.37211,-0.127394199,-0.215217203,0.475779921,0.537507451
3.382099,-0.367770582,3.694620371,-1.392440677,3.965396061
3.392088,-0.398535132,6.645516872,-2.683448553,7.177925946
3.402077,-0.35674426,8.515833855,-3.451608896,9.195667278
3.412066,-0.357206851,9.641256332,-3.858968019,10.39100835
3.422055,-0.424609631,10.51162434,-4.083169937,11.28480466
3.432044,-0.656473756,11.66607952,-4.279205799,12.44347104
3.442033,-1.036896706,13.06662273,-4.644016266,13.906066
3.452022,-1.489014149,14.45645809,-5.159962654,15.42178843
3.462011,-1.994417548,15.90520477,-5.683131695,17.0073874
3.472,-2.455478668,17.2285862,-6.145056725,18.45576549
3.481989,-2.756225824,18.13135529,-6.548923969,19.47386018
3.491979,-2.956434011,18.75710487,-6.779821396,20.1627246
3.501968,-2.941718102,19.12479591,-6.881737709,20.53703577
3.511957,-2.610555887,19.09630203,-6.955649853,20.49060317
3.521946,-1.960647345,18.69005966,-6.942411423,20.03395978
3.531935,-1.108909369,17.95892334,-6.805505276,19.23713881
3.541924,-0.220000252,16.52785492,-6.528259754,17.77179124
3.551913,0.535835505,14.48794746,-6.215294361,15.77395402
3.561902,1.007404804,12.22572708,-6.011679173,13.66102315
3.571891,1.323539257,9.709472656,-5.915635586,11.44641253
3.58188,1.408779025,7.338912487,-5.568798542,9.319646562
3.591868792,1.27769208,5.011928082,-4.663319111,6.964083951
3.601857792,1.224210739,2.209629059,-3.305620909,4.160322356
3.611846792,1.272837996,-0.92983377,-1.725616574,2.337190614
3.621835792,1.325413108,-3.682483673,-0.028954128,3.913852865
3.631824792,1.375452518,-5.804078102,1.811647058,6.233879796
3.641813792,1.462965608,-7.503937721,3.709285736,8.4975379
3.651802792,1.549249053,-8.915486336,5.449658871,10.56337309
3.661791792,1.644346237,-10.27910805,7.02289772,12.55726997
3.671780792,1.715847254,-11.68609428,8.3583498,14.46965593
3.681769792,1.817184806,-12.94297218,9.386701584,16.09139075
3.691759792,2.055132151,-14.16882515,10.13692284,17.54241656
3.701748792,2.489210129,-15.51543713,10.59159756,18.95011597
3.711737792,2.930402994,-16.57486153,10.87064171,20.03706933
3.721726792,3.215674639,-17.28663635,11.13548851,20.81267556
3.731715792,3.381510496,-17.65751839,11.48273087,21.33250283
3.741704792,3.663619995,-17.69511795,11.70837975,21.53196384
3.751693792,3.969777346,-17.76015663,11.5222826,21.53938932
3.761682792,4.097334385,-17.48702812,11.05644798,21.09097778
3.771671792,3.983417511,-16.4671936,10.56267262,19.96512292
3.781660792,3.575536251,-14.73198509,9.923506737,18.1188253
3.791649792,2.827060223,-13.25436115,8.821120262,16.1704212
3.801638792,2.144443035,-10.24602509,7.093158245,12.64486298
3.811627792,1.193882942,-6.453270435,5.198815346,8.372439118
3.821616792,0.014186209,-3.038384438,3.242958307,4.443957675
3.831605792,-0.922127724,-0.281328082,1.552808642,1.827752639
3.841594792,-1.306167006,1.812257171,0.120792106,2.237172107
3.851583792,-1.454755783,2.808152914,-0.991161525,3.314277952
3.861572792,-1.505164623,2.958646536,-1.68275547,3.721663048
3.871561792,-1.510564685,2.761280775,-2.187262297,3.832831009
3.881550792,-1.548349619,2.630182505,-2.774337053,4.124583935
3.891540792,-1.62008822,2.997435331,-3.507022381,4.88963295
3.901529792,-1.695222855,3.725812674,-4.315102577,5.947736616
3.911518792,-1.743948579,4.388828278,-5.106454372,6.955504766
3.921507792,-1.748725533,5.105212688,-5.660676479,7.82077335
3.931496792,-1.689369082,6.046393871,-5.966114521,8.66067949
3.941485792,-1.627924919,6.898575306,-6.17774868,9.402396479
3.951474792,-1.596079588,7.438608646,-6.37691927,9.927007002
3.961463792,-1.595813036,7.337520599,-6.497604847,9.929989755
3.971452792,-1.460110664,5.430499077,-6.464592457,8.568150268
3.981441792,-1.251411796,1.375834107,-5.949171066,6.23310415
3.991430792,-0.963911712,-3.700463533,-4.51228857,5.91466857
4.001419792,-0.2632595,-7.627215385,-2.26947999,7.962051213
4.011408792,0.769098878,-9.768895149,-0.283007979,9.803209629
4.021397792,1.807790279,-10.63042355,0.954392314,10.82519631
4.031386792,3.076258898,-9.865777016,1.826748013,10.49447156
4.041375792,4.106456757,-8.389834404,2.05809021,9.56493825
4.051364792,4.716846466,-6.189898014,1.599763393,7.944980864
4.061353792,5.061635017,-3.515453815,0.844851971,6.220316666
4.071343792,5.180155754,-1.211556315,-0.040801156,5.320107807
4.081332792,5.155321598,0.400406688,-0.977889895,5.262502726
4.091321792,4.98357439,1.569448352,-1.960424781,5.580541833
4.101310792,4.697036743,2.349593163,-2.886846781,5.993048184
4.111299792,4.229005337,2.819675684,-3.540331841,6.194272083
4.121288792,3.565473795,3.10551548,-3.850128889,6.097566912
4.131277792,2.736492634,3.301273108,-3.950957298,5.830682605
4.141266792,1.828746438,3.48682332,-4.003926277,5.615485378
4.151255792,0.945689619,3.698694468,-4.000297546,5.529651895
4.161244792,0.168096751,3.662117958,-3.901567936,5.353652661
4.171233792,-0.531878352,3.671857834,-3.790415287,5.30402513
4.181222792,-1.02837491,3.884035349,-3.775591135,5.513472043
4.191211792,-1.076189041,4.247364521,-3.85053134,5.833084932
4.201200792,-0.667622149,4.441912174,-3.85031414,5.916183067
4.211189792,0.117183462,4.355036736,-3.69335413,5.711474561
4.221178792,1.017278671,4.121426105,-3.505657196,5.505510096
4.231167792,1.732311845,3.775015593,-3.456868887,5.403849512
4.241156792,2.289793015,3.668578863,-3.51451087,5.572558621
4.251146792,2.647747993,3.430168152,-3.61360693,5.642231653
4.261135792,2.842144728,3.374022484,-3.643811464,5.721815827
4.271124792,2.944785118,3.643174887,-3.591207504,5.902648049
4.281113792,3.119007111,3.743891954,-3.460506201,5.976624088
4.291102792,3.239334106,3.960107088,-3.262703419,6.06802828
4.301091792,3.320018291,4.114659786,-3.14511013,6.151801715
4.311080792,3.433011055,4.043849945,-3.096947908,6.142424084
4.321069792,3.498579502,3.605132341,-3.185993195,5.948746958
4.331058792,3.597132206,3.197710514,-3.108827114,5.729704937
4.341047792,3.686354876,2.861645222,-2.807641745,5.446198473
4.351036792,3.576427221,2.710715294,-2.588048458,5.180425069
4.361025792,3.283179522,2.572272062,-2.563514233,4.895656907
4.371014792,2.890482664,2.251361132,-2.773542881,4.595221114
4.381003792,2.432920456,2.01147294,-3.274106026,4.548065039
4.390992792,1.95445931,2.04288125,-4.029215813,4.922179909
4.400981792,1.447481871,2.088797808,-4.798923969,5.430280961
4.410971792,0.937042594,2.188836098,-5.6830616,6.161675213
4.420960792,0.387782425,2.285380125,-6.310908794,6.723162004
4.430949792,-0.342251003,2.29488492,-6.434196472,6.839774615
4.440938792,-1.117266774,2.583968401,-6.463515759,7.049979695
4.450927792,-1.659111738,2.731660128,-6.519764423,7.260988015
4.460916792,-1.862266183,2.603345871,-6.673014164,7.400983927
4.470905792,-1.8904562,2.338302135,-6.997782707,7.616458779
4.480894792,-1.836699367,2.193963766,-7.443128586,7.974152288
4.490883792,-1.785053492,2.011173964,-7.948446274,8.391009167
4.500872792,-1.804469109,1.587619066,-8.648960114,8.976700625
4.510861792,-1.925972462,1.073012471,-9.484737396,9.737605926
4.520850792,-2.184275389,0.71657002,-10.18669128,10.44285454
4.530839792,-2.610850334,0.598570406,-10.71355724,11.04332988
4.540828792,-3.057030439,1.03722775,-11.03577995,11.49824837
4.550817792,-3.319766998,1.83805871,-11.21432304,11.83893382
4.560806792,-3.371063709,2.528976202,-11.20648193,11.97267842
4.570795792,-3.155238628,2.66892004,-10.9679575,11.72069779
4.580784792,-2.736834288,1.976299524,-10.40686321,10.94069576
4.590774375,-2.283477068,1.197152376,-9.340589523,9.689894425
4.600763375,-2.033308744,0.506200552,-7.736165524,8.014913628
4.610752375,-1.912353754,-0.569046259,-5.997536182,6.320708092
4.620741375,-1.673233747,-2.192406893,-4.365469456,5.163688868
4.630730375,-1.277829766,-4.255923271,-2.817174196,5.261387864
4.640719375,-0.859335661,-5.776832581,-1.219142556,5.966285361
4.650708375,-0.548345566,-6.660534382,0.437802821,6.697392957
4.660697375,-0.496839285,-7.167692184,1.926649809,7.438725698
4.670686375,-0.732173204,-7.592091084,3.118233681,8.240103513
4.680675375,-1.300220251,-8.052492142,4.044416904,9.104422579
4.690664375,-2.017683983,-8.60706234,4.873833179,10.09489082
4.700653375,-2.563530922,-9.599783897,5.552790642,11.38248767
4.710642375,-2.927277088,-10.83932209,6.312101841,12.88031382
4.720631375,-2.975046396,-12.04964924,7.051811218,14.27490768
4.730620375,-2.649605274,-13.45467377,7.930936813,15.84135136
4.740609375,-1.986494064,-15.39812183,9.038943291,17.96526678
4.750599375,-0.935229003,-17.82098389,10.14561176,20.52792142
4.760588375,0.253999114,-19.65630722,10.71722031,22.38959
4.770577375,1.05960691,-20.3578167,10.49087715,22.92644697
4.780566375,1.173758864,-20.40088654,9.822444916,22.67276572
4.790555375,0.67569983,-19.14948845,9.229224205,21.26824058
4.800544375,-0.241927728,-17.20811272,8.677004814,19.27350733
4.810533375,-1.498585582,-15.68185616,8.247010231,17.78143833
4.820522375,-2.980420113,-13.84039783,7.74620676,16.13825379
4.830511375,-4.423350334,-11.83268833,7.287775993,14.58390278
4.840500375,-5.531680107,-10.24471188,6.67862463,13.42228122
4.850489375,-6.197351933,-9.066726685,5.947917461,12.48961272
4.860478375,-6.17978096,-7.974142551,4.986545563,11.25354517
4.870467375,-5.394258976,-6.635116577,3.667178392,9.304353779
4.880456375,-4.148030281,-5.5728302,2.20917058,7.289926358
4.890446375,-2.69924593,-5.380026817,1.190621972,6.135812727
4.900435375,-1.21012342,-5.349644184,0.833523691,5.547779135
4.910424375,-0.169185266,-5.10546875,0.608237863,5.144354975
4.920413375,0.512940288,-4.901664257,0.368631661,4.942196832
4.930402375,1.1529634,-4.601271629,0.157205969,4.746128836
4.940391375,1.73563683,-4.067942619,-0.110544838,4.424117146
4.950380375,2.45614934,-3.491265774,-0.434582323,4.290742136
4.960369375,3.254059792,-3.028146267,-0.923351467,4.539950757
4.970358375,3.768280983,-2.466050148,-1.720182896,4.820827117
4.980347375,4.432834148,-2.144394636,-2.586266756,5.562123936
4.990336375,5.311664104,-2.361764908,-3.104038,6.589898402
5.000325375,5.983006001,-1.79772675,-3.709161997,7.265401915
5.010314375,6.304848671,-1.134601235,-4.844999313,8.031964584
5.020303375,6.410337448,-0.23399289,-6.046871662,8.815431684
5.030292375,6.540143967,0.684405148,-7.186110973,9.740743526
5.040281375,6.596797943,1.077029586,-8.170407295,10.55619682
5.050271375,6.604084015,1.427342892,-8.745484352,11.05145827
5.060260375,6.550967693,1.699637651,-8.750433922,11.06228004
5.070249375,6.349299908,1.773643374,-8.282003403,10.58541452
5.080238375,5.990757465,1.703121781,-7.595952034,9.822845113
5.090227375,5.61450243,1.694408178,-6.931255817,9.079425302
5.100216375,5.290884018,1.668616652,-6.421485424,8.486059761
5.110205375,5.023811817,1.600219727,-6.125304699,8.082001361
5.120194375,4.663725853,1.609895229,-5.823545933,7.632547983
5.130183375,4.300690651,1.561601758,-5.563580513,7.203330358
5.140172375,3.987490177,1.352694511,-5.377878189,6.830185515
5.150161375,3.618413925,1.306185365,-5.318413734,6.563883316
5.160150375,3.044725895,1.116156101,-5.560525894,6.437049669
5.170139375,2.300148964,1.167477846,-6.090968609,6.614649527
5.180128375,1.519161582,1.614101648,-6.794680595,7.147087549
5.190117375,0.656099796,1.997270107,-7.477247715,7.767160885
5.200107375,-0.252643734,2.267892838,-8.160284996,8.473335707
5.210096375,-1.15675962,2.434515953,-8.875261307,9.275517452
5.220085375,-1.992271423,2.634839296,-9.588925362,10.14194326
5.230074375,-2.731406212,2.649997234,-10.39858532,11.07310444
5.240063375,-3.407728434,2.69286418,-11.20088005,12.01348594
5.250052375,-4.060027599,3.167200089,-11.83723927,12.90872627
5.260041375,-4.598640919,3.734794378,-12.30443001,13.656324
5.270030375,-5.01322794,4.289951324,-12.62213707,14.24269922
5.280019375,-5.244609833,4.741867542,-12.7197237,14.5527527
5.290008375,-5.319718361,4.803595066,-12.64412022,14.5343629
5.299997375,-5.363708973,4.752801895,-12.40292263,14.32448916
5.309986375,-5.344613075,4.604093552,-12.03076363,13.94639164
5.319975375,-5.280565262,4.288219452,-11.52276039,13.38085209
5.329965375,-5.312382221,3.877482653,-10.83678341,12.6764408
5.339954375,-5.354223728,3.284425735,-9.990236282,11.8008468
5.349943375,-5.307662487,2.414678097,-8.982330322,10.70907136
5.359932375,-5.269356251,1.622769475,-7.772583961,9.529562293
5.369921375,-5.300148487,1.040042162,-6.553673744,8.492579186
5.379910375,-5.124243736,0.343384534,-5.270452499,7.358903203
5.389899375,-4.762551308,-0.533494532,-3.968836784,6.222393173
5.399888375,-4.208659649,-1.567016244,-2.619109392,5.198854677
5.409877375,-3.538513422,-2.603844881,-1.17918539,4.548798038
5.419866375,-2.842362165,-3.585958719,0.35472855,4.589548448
5.429855375,-2.237717628,-4.855631828,2.008253098,5.711183865
5.439844375,-1.716356039,-6.445912361,3.825229645,7.689476319
5.449833375,-1.200679421,-8.174621582,5.688587666,10.03125609
5.459822375,-0.710152209,-9.952788353,7.429936886,12.44050941
5.469811375,-0.292857796,-11.91019154,8.799319267,14.81102453
5.479801375,0.020607807,-13.28298283,9.679679871,16.43576161
5.489790375,0.169305414,-14.3391428,10.05514336,17.51415395
5.499779375,0.110611692,-15.28819942,9.997833252,18.26740119
5.509768375,-0.057166923,-15.54732609,9.714422226,18.33282891
5.519757375,-0.287324458,-15.56375313,9.167785645,18.0654715
5.529746375,-0.687690198,-15.84480667,8.421049118,17.95675039
5.539735375,-1.047767997,-15.87364769,7.758812904,17.69942616
5.549724375,-1.448624849,-15.20883465,7.263627052,16.91648436
5.559713375,-2.024218559,-13.27443981,6.828275681,15.06431418
5.569702375,-2.91656661,-10.31051254,6.213769436,12.3864426
5.579691375,-3.610234499,-7.030626774,5.4677248,9.610386072
5.589680375,-4.13266325,-3.720224142,4.655079842,7.251809535
5.59966925,-4.486665249,-0.84805584,4.004333019,6.073223748
5.60965925,-4.442285061,1.317028284,3.763926983,5.969556633
5.61964825,-3.851441145,2.512026072,4.129820347,6.180557416
5.62963725,-2.762055874,2.071141481,4.780339718,5.896628486
5.63962625,-1.715417743,0.407023966,5.310827732,5.595821454
5.64961525,-1.048887134,-1.232904077,5.632769108,5.860742658
5.65960425,-0.792447567,-2.245004892,5.832059383,6.299280655
5.66959325,-0.908309996,-2.794443607,6.000598907,6.681401752
5.67958225,-1.332237601,-2.716372013,6.019426346,6.736989496
5.68957125,-1.741441369,-2.275463104,5.855699539,6.519169232
5.69956025,-1.93343854,-1.800383925,5.461319447,6.066760005
5.70954925,-2.018307209,-1.110481143,4.822336674,5.344311308
5.71953825,-1.932406664,-0.415403843,3.997178555,4.459169459
5.72952725,-1.830685139,0.181226805,3.215668201,3.704696103
5.73951625,-1.716658831,0.527933002,2.606582165,3.16542278
5.74950625,-1.507852912,0.621091425,2.17753911,2.720487372
5.75949525,-1.255936384,0.447771668,1.883098841,2.307365795
5.76948425,-1.021690845,0.107712902,1.708954215,1.993985647
5.77947325,-0.769928694,-0.320705652,1.534769297,1.746756738
5.78946225,-0.494034529,-0.855815709,1.159603953,1.523539291
5.79945125,-0.279228866,-1.673863888,0.536449611,1.779766069
5.80944025,-0.130896389,-2.165629864,-0.156448185,2.175215531
5.81942925,0.132346436,-1.921957016,-0.9762097,2.159726772
5.82941825,0.504784405,-0.99178946,-1.993584037,2.283162487
5.83940725,1.02462697,0.268807948,-3.150534153,3.323850717
5.84939625,1.568441033,1.457499027,-4.046024323,4.577622036
5.85938525,2.067848921,2.237303495,-4.469539642,5.409095184
5.86937525,2.630079985,2.362545729,-4.461167812,5.692184229
5.87936425,3.331904173,1.778062105,-4.18255806,5.635324497
5.88935325,4.2035532,0.699000418,-3.897720098,5.775005026
5.89934225,5.157794952,-0.458687574,-3.714984417,6.372939061
5.90933125,6.165053368,-0.749797702,-3.404866695,7.08259817
5.91932025,7.341308594,-0.722048819,-3.360557318,8.106140379
5.92930925,8.338134766,-0.589660406,-3.722811937,9.150492855
5.93929825,8.860500336,-0.389241308,-4.27549839,9.845804258
5.94928725,9.023088455,-0.4178527,-4.88711071,10.27008166
5.95927625,8.91283989,-0.71904099,-5.462006092,10.47803633
5.96926525,8.586110115,-0.833942831,-5.978769779,10.49582944
5.97925425,8.215232849,-0.682144821,-6.511435032,10.50495876
5.98924325,7.929392815,-0.142179564,-6.957376003,10.54990835
5.99923325,7.683989525,0.655435443,-7.215079784,10.56080806
6.00922225,7.452762127,1.621530652,-7.26738739,10.53508161
6.01921125,7.169757366,1.960314274,-7.277234077,10.40222998
6.02920025,6.771557808,1.606477618,-7.209197998,10.02034437
6.03918925,6.29932785,1.295874834,-7.030851364,9.528572498
6.04917825,5.812186718,1.150143504,-6.968671799,9.146952015
6.05916725,5.065829277,1.03157413,-7.093574524,8.777560651
6.06915625,4.235198021,0.973995566,-7.305388927,8.500251586
6.07914525,3.314864397,0.850637197,-7.415057182,8.166699617
6.08913425,2.172997475,1.218095899,-7.598994732,7.996899185
6.09912325,0.972077131,1.275756955,-7.603936195,7.77125057
6.10911225,-0.272676378,0.968293428,-7.400831699,7.468885754
6.11910125,-1.612210393,0.870689809,-7.018277645,7.253519435
6.12909125,-2.98216176,0.693549633,-6.537545204,7.218988652
6.13908025,-3.943473577,0.707208931,-6.031070709,7.240507042
6.14906925,-4.129299641,1.085359454,-5.590148926,7.03412295
6.15905825,-3.564742565,1.722696424,-5.189526081,6.527346587
6.16904725,-2.537167072,2.166123867,-4.760072231,5.812709954
6.17903625,-1.259696722,2.08019948,-4.261694908,4.906741199
6.18902525,-0.278994352,1.460186601,-3.716500044,4.002793441
6.19901425,0.240358233,0.847482502,-3.174496889,3.294454306
6.20900325,0.26881358,0.511363864,-2.678805113,2.740392413
6.21899225,-0.079315767,0.528569937,-2.14052844,2.206250025
6.22898125,-0.763302386,0.605655372,-1.423979878,1.725447089
6.23897025,-1.773654699,0.435634106,-0.704750359,1.957626404
6.24896025,-2.948334694,-0.335041553,-0.047091521,2.967683932
6.25894925,-4.253315926,-1.710726976,0.624528766,4.62680444
6.26893825,-5.51590538,-2.996942759,1.469449162,6.447182245
6.27892725,-6.536351681,-3.916927099,2.400617838,7.989316441
6.28891625,-7.198459148,-4.3209939,3.231247663,8.996097146
6.29890525,-7.424375534,-4.765387058,3.952264309,9.666988107
6.30889425,-7.369452477,-5.054958344,4.601030827,10.05141375
6.31888325,-7.198612213,-5.013959408,5.050573826,10.12265295
6.32887225,-7.268557072,-5.157919407,5.206058025,10.32177769
6.33886125,-7.525130272,-5.376415253,5.012627602,10.51949913
6.34885025,-7.894844055,-5.727321148,4.545346737,10.7606202
6.35883925,-8.359939575,-5.967504978,3.889199495,10.98296764
6.36882925,-8.454605103,-5.969237328,3.256709576,10.8498064
6.37881825,-7.289792061,-4.977867603,2.633160353,9.211610479
6.38880725,-5.305278301,-4.105502605,2.055123091,7.016028821
6.39879625,-3.511901617,-3.624785662,1.797932029,5.357712538
6.40878525,-2.610828161,-3.136207819,1.806576133,4.462727921
6.41877425,-2.38922596,-2.840430975,1.910575271,4.174535504
6.42876325,-2.420652151,-2.438003778,1.986671805,3.968662763
6.43875225,-2.468080282,-1.961077094,1.92547977,3.693875471
6.44874125,-2.580040932,-1.523906112,1.786919475,3.488836805
6.45873025,-2.708536863,-1.285301208,1.695128798,3.444072122
6.46871925,-2.849326611,-1.212634206,1.67728126,3.521706444
6.47870825,-2.925883293,-1.221284509,1.711264729,3.602881607
6.48869825,-2.925685406,-1.594716668,1.80924809,3.791587398
6.49868725,-2.758292675,-2.050538301,1.928993702,3.941307208
6.50867625,-2.374527931,-2.582218409,1.973517299,4.025047246
6.51866525,-1.647252679,-3.135087252,1.869792461,4.004789297
6.52865425,-0.465679824,-3.467018604,1.583447576,3.839841393
6.53864325,0.988127291,-3.254804373,1.087501645,3.571107234
6.54863225,2.417154312,-2.81316638,0.204541594,3.714616712
6.55862125,3.833076239,-2.026428699,-0.855094433,4.419284242
6.56861025,5.477952003,-1.179989338,-1.882619262,5.911394783
6.57859925,7.146645546,-0.693328619,-2.712149858,7.675350415
6.58858825,8.702625275,-0.40388611,-3.315320492,9.321489185
6.598577625,10.02211857,-0.181424752,-3.801421165,10.72038145
6.608567625,10.89301491,0.064385027,-4.238317013,11.68868044
6.618556625,11.1814661,0.241678432,-4.646654606,12.11094512
6.628545625,11.01686192,0.467440188,-4.930696964,12.07897013
6.638534625,10.65760994,0.870977879,-5.037022114,11.82010338
6.648523625,10.48780823,2.050934076,-5.013712883,11.80414202
6.658512625,10.54678535,3.116636515,-5.057589054,12.10484661
6.668501625,10.68930912,3.554622173,-5.065407753,12.35131669
6.678490625,10.85231686,3.432369709,-4.960360527,12.4160831
6.688479625,10.99429607,2.491910696,-4.79786396,12.25168003
6.698468625,10.94216156,1.004048109,-4.582115173,11.90524219
6.708457625,10.62167072,-0.332582593,-4.34231472,11.47981695
6.718447625,9.97672081,-1.228033423,-4.062191963,10.8417908
6.728436625,9.055001259,-1.897505283,-3.707539082,9.96691628
6.738425625,8.033995628,-2.255848885,-3.388696194,9.00650886
6.748414625,6.826431751,-2.293542624,-3.057053328,7.823431681
6.758403625,5.577850819,-2.238118887,-2.634028673,6.561989253
6.768392625,4.441867828,-2.43874979,-2.138600349,5.500118344
6.778381625,3.323107004,-2.215515852,-1.529156804,4.276665896
6.788370625,2.065271616,-2.680230856,-0.78070277,3.472532376
6.798359625,0.935402632,-3.147449255,0.253944755,3.293311834
6.808348625,0.013675098,-3.407660246,1.7241503,3.819035168
6.818337625,-0.967896521,-3.170908928,3.431086302,4.771146646
6.828326625,-1.828001499,-2.852645636,4.97006321,6.015039893
6.838316625,-2.498334885,-2.751748323,6.1459589,7.182381697
6.848305625,-3.042290688,-2.641058683,7.091049194,8.155593312
6.858294625,-3.726040125,-2.451970339,8.01034832,9.168490266
6.868283625,-4.376632214,-2.526444197,8.838633537,10.18131979
6.878272625,-4.846081257,-2.773094416,9.645514488,11.14497671
6.888261625,-5.27618885,-3.480634928,10.44636726,12.20981479
6.898250625,-5.123254299,-4.125003815,11.09930229,12.90185655
6.908239625,-4.403740406,-4.638130665,11.29802513,12.98270224
6.918228625,-3.198373318,-5.064229488,10.81386948,12.36186819
6.928217625,-1.746250033,-5.035647869,9.892196655,11.23666736
6.938206625,-0.603230476,-4.070765018,9.029201508,9.922776562
6.948196625,-0.455505669,-2.562558889,8.481191635,8.871572861
6.958185625,-0.913769245,-0.693786144,7.755552292,7.839955663
6.968174625,-1.535828829,1.125327706,6.358414173,6.63736118
6.978163625,-2.268275499,2.470294237,4.671178818,5.750420759
6.988152625,-2.727811575,3.402634859,3.326497555,5.484930807
6.998141625,-2.753908634,3.993609667,2.612367868,5.509754697
7.008130625,-2.363724232,4.114253998,2.41612649,5.324654488
7.018119625,-1.974583268,3.88760519,2.381651402,4.968371624
7.028108625,-1.99529326,3.570196867,2.36564374,4.724803823
7.038097625,-2.383670568,3.440215111,2.368745565,4.809149711
7.048086625,-3.101757526,3.117604971,2.41719532,5.018285935
7.058076625,-3.69633317,2.84262085,2.443536758,5.264431981
7.068065625,-3.784271002,2.897638083,2.243075132,5.267674964
7.078054625,-3.564408779,3.140457392,1.639541864,5.025493021
7.088043625,-3.307941437,3.604643345,0.69973737,4.942222433
7.098032625,-3.040048361,4.340898991,-0.463997096,5.319830015
7.108021625,-2.84262538,5.214244366,-1.674203515,6.170236686
7.118010625,-2.390038013,6.49693203,-2.924840212,7.515124601
7.127999625,-1.270186186,8.098172188,-4.076649189,9.154934972
7.137988625,0.462670535,9.127473831,-4.800711632,10.32335579
7.147977625,2.266672134,9.581439972,-4.910194874,11.00235467
7.157966625,3.633485556,9.473638535,-4.789382458,11.22008149
7.167956625,4.318429947,9.203621864,-4.856040955,11.26661557
7.177945625,4.26109314,9.35779953,-5.21319294,11.52834365
7.187934625,3.649484873,10.09706497,-5.877939224,12.24008294
7.197923625,2.774679899,11.00350475,-6.800007343,13.22936375
7.207912625,1.863242269,11.73513985,-7.750982761,14.18671607
7.217901625,1.152808189,12.10274506,-8.388072014,14.77041491
7.227890625,0.793720841,11.91505909,-8.695960999,14.77221593
7.237879625,0.614834607,11.01417828,-8.611536026,13.99459529
7.247868625,0.521910548,10.07798862,-8.106864929,12.94447775
7.257857625,0.299570471,9.32623291,-7.360284805,11.88453429
7.267846625,-0.048812807,8.911737442,-6.733696938,11.16978609
7.277836625,-0.457714587,8.593346596,-6.247842789,10.63440868
7.287825625,-0.966690958,8.074304581,-5.90926075,10.05227579
7.297814625,-1.616599083,7.236341953,-5.722197533,9.365980037
7.307803625,-2.23701334,5.998601437,-5.455347061,8.411198454
7.317792625,-2.819060087,4.556851387,-4.932456017,7.282933248
7.327781625,-3.234912395,3.218597651,-4.275735855,6.253474726
7.337770625,-3.299614429,2.038046837,-3.607123852,5.296454736
7.347759625,-3.044970036,0.901268601,-2.896323919,4.298001844
7.357748625,-2.506061554,-0.287542552,-1.985947371,3.21045358
7.367737625,-1.60950768,-1.487274766,-0.706513882,2.302534053
7.377726625,-0.483299077,-2.782577038,0.851075232,2.949685071
7.387716625,0.803271353,-4.095027447,2.507523775,4.868487459
7.397705625,1.987933159,-5.342265129,4.002045155,6.96477138
7.407694625,2.846119642,-6.343878269,5.23475647,8.703324871
7.417683625,3.345660448,-7.19576025,6.264037132,10.10992436
7.427672625,3.612826109,-8.160617828,7.109093666,11.4099697
7.437661625,3.890501976,-9.209281921,7.819232464,12.69201621
7.447650625,4.230307579,-10.2408123,8.42131424,13.91719341
7.457639625,4.611639023,-11.14971638,8.900929451,14.99366316
7.467628625,4.984051228,-11.81888485,9.22111702,15.79733537
7.477617625,5.261469364,-12.42749977,9.362706184,16.42516598
7.487607625,5.472900867,-12.93697262,9.425456047,16.91617942
7.497596625,5.620977402,-13.12499237,9.361832619,17.07350935
7.507585625,5.530517101,-12.84397888,9.09396553,16.68096586
7.517574625,5.216724396,-12.04395676,8.480042458,15.62633123
7.527563625,4.742951393,-10.9443264,7.500413895,14.09007015
7.537552625,4.08597517,-9.708645821,6.304666042,12.27606658
7.547541625,3.326897144,-8.493376732,5.163172245,10.48160487
7.557530625,2.576754332,-7.349270821,4.255782127,8.87485921
7.567519625,1.85778594,-6.258593559,3.612149954,7.461165407
7.577508625,1.28979063,-5.22643137,3.076478958,6.200311888
7.587497625,1.158480883,-4.463370323,1.883559465,4.981119237
7.597488125,1.006491661,-4.511026859,0.811157107,4.692586136
7.607477125,0.987326741,-4.078462124,0.434439391,4.218697071
7.617466125,1.224764824,-4.168591976,0.404245138,4.363556127
7.627455125,1.748398662,-4.405916214,0.668197155,4.787011908
7.637444125,2.217776299,-4.038058281,1.031739473,4.721115624
7.647433125,2.455997467,-3.571190834,1.215759397,4.50148847
7.657422125,2.593965054,-2.961815119,1.111980319,4.091149438
7.667411125,2.605462074,-2.214173317,0.699301898,3.48998843
7.677400125,2.466374636,-1.417652249,-0.036811691,2.845012626
7.687389125,2.194360495,-0.961287379,-0.851227403,2.542416075
7.697378125,1.858313203,-0.821643472,-1.562606215,2.563233142
7.707368125,1.498966694,-0.720748842,-2.070808411,2.656054878
7.717357125,1.139551878,-0.43687579,-2.418978691,2.709408948
7.727346125,0.649529099,-0.023162505,-2.652844429,2.731301543
7.737335125,-0.02139697,0.767648458,-2.945377111,3.043844332
7.747324125,-0.806248367,2.010253668,-3.378638744,4.013272481
7.757313125,-1.635873556,3.331753969,-3.894813299,5.380170763
7.767302125,-2.442567348,4.595433235,-4.45319128,6.849456508
7.777291125,-3.200947523,5.725852013,-5.006354809,8.25197157
7.787280125,-3.837831736,6.677912235,-5.495038033,9.46144319
7.797269125,-4.308599472,7.507632256,-5.894184113,10.47234347
7.807259125,-4.70687151,8.140076637,-6.196688652,11.26119165
7.817248125,-5.036458015,8.537977219,-6.41526556,11.80756522
7.827237125,-5.317270756,8.653178215,-6.493274689,12.054604
7.837226125,-5.56371212,8.383757591,-6.315014362,11.87946507
7.847215125,-5.769411564,7.904971123,-5.88418293,11.41920693
7.857204125,-5.916692734,7.301303387,-5.270291328,10.77461158
7.867193125,-5.923112392,6.547564507,-4.580978394,9.946819815
7.877182125,-5.830546379,5.696171284,-3.814005852,8.99934881
7.887171125,-5.655504227,4.791641235,-3.071405888,8.023595697
7.897160125,-5.406988621,4.082940578,-2.469564915,7.211427083
7.907150125,-5.174352169,3.343217373,-2.00674057,6.479045492
7.917139125,-4.894928932,2.672148705,-1.644183874,5.814124918
7.927128125,-4.602881432,2.175867796,-1.342355609,5.265248021
7.937117125,-4.286921024,1.575376749,-1.065028548,4.68975368
7.947106125,-3.932620525,0.803544939,-0.803919196,4.093589469
7.957095125,-3.616637468,-0.037418339,-0.607042491,3.667419705
7.967084125,-3.304442406,-0.824980855,-0.522664547,3.445738129
7.977073125,-1.881195188,-1.487718105,-1.18008852,2.67297763
7.987062125,-0.782646239,-2.83614254,-1.717328191,3.406678112
7.997051125,0.221774653,-4.210788727,-2.540199995,4.922655961
8.007041125,0.717325807,-5.393217564,-3.064226866,6.244264431
8.017030125,0.629220724,-5.522186756,-2.787332535,6.217691529
8.027019125,0.501182854,-3.815678358,-1.993287802,4.334026055
8.037008125,-0.090701334,-3.088235617,-1.08071363,3.273128153
8.046997125,-1.024365902,-3.156589508,-0.577619672,3.368534891
8.056986125,-1.925848961,-2.93672204,-0.465074092,3.542530801
8.066975125,-2.655999422,-2.442091227,-0.380507529,3.628075036
8.076964125,-3.188361168,-1.771494985,-0.464122176,3.676853385
8.086953125,-3.491754055,-1.383322239,-0.459920496,3.783841125
8.096942125,-3.50459981,-1.111556411,-0.437190384,3.702554917
8.106931125,-3.230268717,-0.636777639,-0.543031037,3.33691541
8.116921125,-2.726752281,-0.412784904,-0.573501468,2.816819716
8.126910125,-2.182654619,-0.654723227,-0.476522744,2.328028697
8.136899125,-2.491328001,-0.290308893,-0.97623229,2.69147245
8.146888125,-2.546129465,0.295541525,-1.197388649,2.829109334
8.156877125,-2.592527151,0.702631235,-1.408145547,3.03278116
8.166866125,-3.252334118,-0.404167533,-1.761708617,3.720839403
8.176855125,-3.353132248,-1.243361115,-1.825843573,4.01536393
8.186844125,-2.936614513,-1.083442807,-1.599215508,3.514974162
8.196833125,-2.108845234,-0.169991821,-1.167880058,2.416623527
8.206822125,-0.873773515,0.853785872,-0.547227144,1.338614216
8.216812125,0.596407592,1.327215433,0.134311885,1.461246901
8.226801125,2.167887926,1.559391975,0.843597949,2.800553319
8.236790125,3.696220636,2.102971315,1.611494064,4.547686056
8.246779125,5.163808346,2.812440634,2.37529707,6.341669742
8.256768125,6.650616169,3.310296297,3.114055872,8.055190934
8.266757125,8.079860687,3.93207407,3.864381552,9.781554068
8.276746125,9.247556686,4.256848812,4.541473389,11.14733363
8.286735125,9.696454048,3.964215755,5.002717972,11.60876457
8.296724125,9.525780678,3.841191769,5.130199909,11.48103666
8.306714125,9.206869125,3.815114975,4.733523369,11.03303153
8.316703125,8.860955238,3.603456736,4.098704815,10.40676748
8.326692125,8.495745659,3.128928185,3.413481236,9.675729431
8.336681125,7.773826599,2.231552362,2.737830162,8.538613467
8.346670125,6.723601341,0.764265478,2.111796379,7.088765807
8.356659125,4.935019493,-0.673790812,1.626351357,5.239602102
8.366648125,3.055312634,-1.68528533,1.078560233,3.652179364
8.376637125,1.382688403,-2.429646254,0.403887749,2.824558984
8.386626125,-0.049331613,-2.779947042,-0.313324422,2.797983445
8.396615125,-1.08725369,-2.617604494,-0.991631031,3.002882944
8.406605125,-1.746758938,-2.184453964,-1.459150553,3.154699074
8.416594125,-2.073807478,-1.827149987,-1.709185004,3.249687356
8.426583125,-2.155797958,-1.645687342,-1.775404215,3.24157551
8.436572125,-2.134963274,-1.637417078,-1.665941119,3.164579385
8.446561125,-2.088442326,-1.680392742,-1.471570253,3.057912707
8.456550125,-2.033307314,-1.598920226,-1.27481854,2.883755682
8.466539125,-1.97255373,-1.246141195,-1.054758072,2.560537187
8.476528125,-1.885293961,-0.531998515,-0.842669964,2.132474714
8.486517125,-1.725011349,0.302756518,-0.661089242,1.871994831
8.496506125,-1.478255987,0.801832795,-0.496579885,1.75350169
8.506496125,-1.12754941,0.889586627,-0.327736259,1.473140555
8.516485125,-0.736149073,0.642600656,-0.135482997,0.986512393
8.526474125,-0.138432369,-0.225166664,0.527048111,0.589612804
8.536463125,0.155673265,-0.457749158,0.928843081,1.047147519
8.546452125,0.218310028,-0.728857398,0.919885814,1.193768104
8.556441125,0.199679822,-0.989849627,0.924587786,1.369137279
8.566430125,0.057873685,-0.807327747,0.695750892,1.067331607
8.576419125,-0.099470951,-0.551998615,0.458295077,0.724314379
8.586408125,-0.238627762,-0.277271986,0.22900863,0.431587668
8.596397375,-0.384158164,-0.161388233,0.017996835,0.41707019
8.606386375,-0.495048732,-0.174746916,-0.119267017,0.538362659
8.616375375,-0.512929916,-0.251128197,-0.188378423,0.601372514
8.626364375,-0.458076537,-0.302396178,-0.176241606,0.576488218
8.636353375,-0.392044395,-0.295719802,-0.07546638,0.496834161
8.646342375,-0.33433634,-0.145650417,0.034981035,0.366358438
8.656331375,-0.288346112,0.078712963,0.114711061,0.320152836
8.666320375,-0.252864271,0.258782327,0.146724403,0.390431406
8.676309375,-0.204526231,0.482396543,0.117975086,0.537080557
8.686298375,-0.166410267,0.655430138,0.083388343,0.681347678
8.696288375,-0.104345702,0.759675324,0.06900622,0.769906801
8.706277375,-0.000289075,0.794338524,0.098898336,0.800471521
8.716266375,0.108774334,0.75969106,0.154130131,0.782763348
8.726255375,0.159520075,0.690861404,0.173320338,0.729915114
8.736244375,0.181753963,0.685634613,0.130092993,0.721147358
8.746233375,0.215109244,0.706558764,0.057469916,0.740810411
8.756222375,0.24665311,0.704352796,0.011283915,0.746376543
8.766211375,0.220797017,0.617918074,-0.013539676,0.656321104
8.776200375,0.109866112,0.515024364,-0.046299763,0.528643856
8.786190375,-0.047362924,0.468483001,-0.046147965,0.473127048
8.796179375,-0.113573804,0.285680443,-0.018354099,0.307975969
8.806168375,-0.442023575,0.235041246,-0.041189641,0.50232043
8.816157375,-0.537494242,-0.104128808,-0.098647907,0.556304124
8.826146375,-0.473362654,-0.331653863,-0.091738604,0.585220009
8.836135375,-0.335433841,-0.397319525,-0.07773634,0.525758125
8.846124375,-0.140080869,-0.338006139,-0.024285635,0.366688685
8.856113375,0.027233565,-0.284939259,0.048304919,0.290285056
8.866102375,0.075577125,-0.255375504,0.077096626,0.277258796
8.876091375,0.034286693,-0.196082428,0.058649611,0.207517885
